Name/Client,Industry,Date Uploaded,Portal Demo Link,Onedrive Demo Link,Script File,Solution,Use Case Explained,,Client Problem,Instalily AI Capabilities,Benefit to Client,Portal Demo Link,Demo link 
Audi V2,Automotive,7/8/2025,Audi Demo V2,Audi Demo V2,Copy of Audi Research/Script,,,,,,,Audi Demo V2,https://player.vimeo.com/video/1099742943?badge=0&amp;autopause=0&amp;player_id=0&amp;app_id=58479
ICP,Business (General),7/7/2025,ICP Demo,ICP Demo,icp,,,,"Navigate multiple sources of information, take hours to analyze data of products, losing time","Lily field service agent for industry specific jobs helps customers find products, availability in stores (shares information with Territory Manager), shares tutorial, and refers customers to correct product with instructions",Simplifies shopping experience for contractors and customers ,ICP Demo,https://portal.instalily.ai/demo/c2ce75e0-3051-4309-9ee1-bab976f233fe
Audi,Automotive,7/3/2025,Audi demo,Audi demo,Audi Research/Script,,,,,,,Audi demo,https://portal.instalily.ai/demo/6aa8e69e-cc6b-4880-a23e-7d6c71b85dce
Bain Capital Insurance,Financial Services,7/3/2025,The Mutual Group Demo,The Mutual Group Demo,Bain Capital Insurance / The Mutual Group,,,,,,,The Mutual Group Demo,https://portal.instalily.ai/demo/5528b1ed-82c5-4a9a-ae58-aff041b1b3e4
AEA,Financial Services,7/2/2025,Nations Roof Demo,Nations Roof Demo,AEA Research and Script,,,,,,,Nations Roof Demo,https://portal.instalily.ai/demo/f12bd416-301f-4b9f-b30a-a82ef44400f4
Auto and General Demo,Business (General),7/2/2025,Auto and General Demo,Auto and General Demo,Auto & General Demo,,,,,,,Auto and General Demo,https://portal.instalily.ai/demo/bf114f34-96e9-43d1-b494-f471510cfabc
The Mutal Group,Business (General),7/2/2025,The Mutual Group Demo,The Mutual Group Demo,Bain Capital Insurance / The Mutual Group,,,,"Losing time navigating information on client and product patterns across multiple platforms, resulting in reduced guest engagement and missed chances to personalize offers, increase sales, and retain customers",,,The Mutual Group Demo,https://portal.instalily.ai/demo/7f2f36a9-5d32-44a4-b833-245e90cb7c18
TricorBraun Demo,Shipping & logistics,7/2/2025,TricorBraun Demo,TricorBraun,Tricorbraun,,,,"Losing time navigating information on client and product patterns across multiple platforms, resulting in reduced guest engagement and missed chances to personalize offers, increase sales, and retain customers",,,TricorBraun Demo,https://portal.instalily.ai/demo/d7b5ee53-0255-4a6f-bf9e-6ce24293c0fb
ARCO Demo,Construction,7/1/2025,ARCO Demo,ARCO Demo,ARCO Demo Script,,,,"Relying in hand-drawn drawings and manual processes to ensure sketches meet SOP compliance, prone to human error ",Hand-drawn sketches are digitalized and reviewed to ensure it meets SOP requirements,Ensure compliance and increasing communication,ARCO Demo,https://portal.instalily.ai/demo/70ee7f4b-99ec-414e-993b-66397ecd150c
Parts Source B,Parts Procurement,7/1/2025,PartsSource B,PartsSource B,,,,,"Representatives spent hours searching catalogs, verifying compliances, checking stocks, and gathering documents, little time for upselling and relationship building","Lily analyzes inputted data and suggests products that fits the customer's need, ensures compliances with standards, inventory availability, and ways to enhance the use of the product","Build client relationship, increase order value, and streamline shopping process",PartsSource B,https://portal.instalily.ai/demo/70ee7f4b-99ec-414e-993b-66397ecd150c
Parts Source A,Parts Procurement,7/1/2025,PartsSource A,PartsSource A,,,,,"Representatives spent hours searching catalogs, verifying compliances, checking stocks, and gathering documents, little time for upselling and relationship building","Lily analyzes inputted data and suggests products that fits the customer's need, ensures compliances with standards, inventory availability, and ways to enhance the use of the product","Build client relationship, increase order value, and streamline shopping process",PartsSource A,https://portal.instalily.ai/demo/d7b5ee53-0255-4a6f-bf9e-6ce24293c0fb
DSV,Shipping & logistics,7/1/2025,DVS Demo,DSV Demo,DSV,,,,"Manages multiple data sources to find product information, resulting lost time, more errors, downtime, and risks customer trust","Lily retrieves data, helps with decision-making, uses supply chain industry knowledge, centralizes information across systems, providing instant insights about available parts, repair histories, and technical diagrams","Facilitates first-time repairs, reduces erros, and provides more accurate solutions, boosting the firm's reputation for strong customer service",DVS Demo,https://portal.instalily.ai/demo/bc58c5db-9f00-4990-ad00-326448a6643b
Henry Schein Procurement V3,Procurement,6/27/2025,Henry Schein v3,Henry Schein v3,Henry Schein Demo Script,,,,"Manages multiple data sources to find product information, resulting lost time, more errors, downtime, and risks customer trust","Lily retrieves data, helps with decision-making, uses supply chain industry knowledge, centralizes information across systems, providing instant insights about available parts, repair histories, and technical diagrams","Facilitates first-time repairs, reduces erros, and provides more accurate solutions, boosting the firm's reputation for strong customer service",Henry Schein v3,https://portal.instalily.ai/demo/a378efaa-70bf-445c-922e-230e3c61dda4
Keensight Capital/Unither,Healthcare,6/27/2025,Unither Demo,Unither Demo,Unither Pharmaceuticals Research/Script,,,,"Manages multiple data sources to find product information, resulting lost time, more errors, downtime, and risks customer trust","Lily retrieves data, helps with decision-making, uses supply chain industry knowledge, centralizes information across systems, providing instant insights about available parts, repair histories, and technical diagrams","Facilitates first-time repairs, reduces erros, and provides more accurate solutions, boosting the firm's reputation for strong customer service",Unither Demo,https://portal.instalily.ai/demo/2ad4bc2b-5b41-4139-b19a-302d3368ace0
Petco Demo V3,Consumer Goods,6/26/2025,Petco Demo V3,Petco Demo V3,petco script/research,,,,"Sourcing managers have to look across several tools, working on time-intensive work","Centralize information into one CLM tool that evaluates risk, ensures compliance, drafts contracts based on pre-approved templates, allows for editing, facilitates sharing with other teammembers, and makes sures that the contract is approved on both sides of the agreement","Managers can focus on strategic initatives, since contracts are now created and approved more efficiently",Petco Demo V3,https://portal.instalily.ai/demo/62abf1ff-5f03-4da0-9d46-c3d2d4c20a57
Petco Demo v2,Procurement,6/26/2025,Petco Demo v2,Petco Demo v2,petco script/research,,,,"Sourcing managers have to look across several tools, working on time-intensive work","Centralize information into one CLM tool that evaluates risk, ensures compliance, drafts contracts based on pre-approved templates, allows for editing, facilitates sharing with other teammembers, and makes sures that the contract is approved on both sides of the agreement","Managers can focus on strategic initatives, since contracts are now created and approved more efficiently",Petco Demo v2,https://portal.instalily.ai/demo/6aba4949-68b4-4aa6-b4bf-ed34b92c5af6
Henry Schein (Procurement),Procurement,6/26/2025,Henry Schein (Procurement),Henry Schein (Procurement),Henry Schein Demo Script,,,,"Solving a problem requires looking at several sites, caluclating manually, and determing the right amount of a product, which is inefficient and results in errors","Lily generates customer ingishts based on past purchased products, customer trends, matching with client needs, provides instructions, and utilizes user engagement with platform for future insights ","Lily helps customers find the right product, quantity, and streamline the shopping experience, helping CAMO increase customer satisfaction",Henry Schein (Procurement),https://portal.instalily.ai/demo/31cebacc-76b7-466e-a2c0-a677ebb013e7
Henry Schein,Healthcare,6/25/2025,Henry Schein Demo,Henry Schein Demo,Henry Schein Demo Script,,,,Managers often have a difficult time finding the correct product and managing recurring orders,,,Henry Schein Demo,https://portal.instalily.ai/demo/2d49aaa3-bf83-4962-b425-a43e1c0fd2a4
Petco Demo v1,Procurement,6/25/2025,Petco Demo v1,Petco Demo v1,petco script/research,,,,Search bar does not fully grasp everything that customers need to purchase,"Lily tracks customer quick actions,  matches customer to the perfect part recommends quantity needed for purchase, and provides a tutorial","Enhances customer purchase, increases customer shopping experience, helps find the right parts, and raises revenue",Petco Demo v1,https://portal.instalily.ai/demo/288c6d5e-9f88-4b2c-8abf-0d34cde1ee88
United Rentals Demo,Rental,6/25/2025,United Rentals,United Rentals,United Rentals Demo,,,,Customer needs to determine the problem and what parts are missing to repair the issue,"By uploading the information and pictures about the problem on the platorm, Lily analyzes it and determine what parts are missing; manages delivery and sends the invoice to the client","Reslts in faster repairs, lower costs, and greater efficiency",United Rentals,https://portal.instalily.ai/demo/c6fe29fd-4475-4e54-ab39-1da39dcf1f8c
Western Union,Financial Services,6/25/2025,Western Union Demo,Western Union Demo,western union,,,,"Customers usually need to email support, wait days for a response, and find information across multiple departments","Lily identifies the client, finds their order history, links with inventory management systems, determine availability, and provides delivery information; Lily also links with service desks to resolve any issues",Resolves needs faster and provides proactive support,Western Union Demo,https://portal.instalily.ai/demo/063c9352-78ff-466c-9e40-0fc6b02d4e51
Kichler Lighting 2,Procurement,6/24/2025,Kichler Lighting Demo v2,Kichler Lighting Demo v2,Kichler Lighting Demo (2),,,,Customer has a specific need that cannot only be found by simply searching up,"Lily recalls information about the logged in buyer, analyzes past purchasing trends, provide information, and find up-sell opportunities ","Fast, reliable service, helping client find products that match their needs",Kichler Lighting Demo v2,https://portal.instalily.ai/demo/0680749e-60ed-4708-b09a-c30ffd8d8490
John Hardy,Retail,6/24/2025,John Hardy Clienteling Agent Demo,John Hardy Clienteling Agent Demo,Script Clienteling Agent Demo,,,,"Client must navigate multiple platforms and tools to find information, order products, and document purchases","Lily centralizes information, understands client needs and background, suggests bundles that resolve clients' problem, deliver to preferred hospital location, and prepares an invoice","Leverages the firm's expertise, facilitates the shopping experience, streamlines purchases, and increases the customer experience",John Hardy Clienteling Agent Demo,https://portal.instalily.ai/demo/a80dd961-125c-49a4-9956-f8f5cad6ad3c
Ryson International,Consumer Goods,6/20/2025,Ryson International Demo,Ryson International Demo,Ryson International Demo,,,,"Managers are often overwhelmed managing inventory, prioritizing tasks, and determining sales opportunities","Personalized dashboard highlights the customer's immeadiate needs, prioritizes tasks, automates messages, the sales agent identifies revenue opportunities, and recommend ordering certain products based on inputted data ",Helps dealerships remain competitive by identifying most important tasks and sales opportunities to make the firms more profitable,Ryson International Demo,https://portal.instalily.ai/demo/b4bd0f6d-b7f3-40e6-adcd-52f55cd33c3a
Four Seasons Produce,Supply & Distribution,6/19/2025,Four Seasons Produce Demo,Four Seasons Produce Demo,Four Seasons Produce Demo,,,,Customers seek assistance for products tailored to their needs,"Lily understands words and acronyms, analyzes inputs, provides personalized results, suggests products that matches the client's needs and are available, examines pros and cons of products, and offers customers packages ","Allows contractors to find effiicient toolkits, streamlines shopping, and drives sales",Four Seasons Produce Demo,https://portal.instalily.ai/demo/e66329a0-710c-44f0-b309-e8b342bfc7b2
ThermoFisher Scientific,Supply & Distribution,6/19/2025,ThermoFisher Scientific Demo,ThermoFisher Scientific Demo,ThermoFisher Scientific,,,,Customers must look through multiple sources to determine the equipment they need to complete projects,"Lily analyzes information from blogs, Google, and qualified sources to provide customers with suggestions for the equipment need to undergo their project, offers best practice guides, checks for availaility, and enhances rental experiences","Lily searches for information and anticipates client needs, making the shopping experience more efficient and seamless",ThermoFisher Scientific Demo,https://portal.instalily.ai/demo/a83a3d75-59c1-4460-a499-0dd3e23286be
Cassioli,Industrial Manufacturing,6/19/2025,Cassioli,Cassioli Demo,Cassioli Demo Script,,,,Managers have to find information across multiple platforms and manually document information about the repair,"Lily identifies the needed parts, finds real-time supplier data, and gathers client specific details","Reduces time on each repair order, allowing managers to lower errors and operational costs",Cassioli,https://portal.instalily.ai/demo/e4809bc5-60c8-4873-a716-7e459a7f60c6
ITW  2,Industrial Manufacturing,6/19/2025,ITW Demo V2,ITW Demo V2,ITW B2B Sales AI Agents Demo,,,,"Members have a difficult time remaining engaged and following their plans, which has health implications","Lily monitors patient progress, crafting personalized messages, and tips to help patients maintain healthy lifestyles ","Streamlines the platform use and increases the user experience, helping keep members engaged",ITW Demo V2,https://portal.instalily.ai/demo/8c0a8095-87b9-4039-a82d-8add54aaf07b
Nissan 2,Industrial Manufacturing,6/19/2025,Nissan 2 Demo,Nissan 2 Demo,Nissan Demo Script,,,,"Managers have to look for insights across many platforms and spreadsheets, potentially missing warning signals of stock-outs and other problems that lead to downtime","Lily examines data, provides insights, highlights early warning signs, and gives information that is tailored to the managers' needs; chat window allows managers to retrieve quick information and draft messages","Agents monitor, analyze, and automate workflows so that managers can help maintain relationships with suppliers ",Nissan 2 Demo,https://portal.instalily.ai/demo/7321510c-65e7-420f-9b66-a57576a9b128
Apex Tool Group,Supply & Distribution,6/18/2025,Apex Tool Group,Apex Tool Group,Apex Tool Group Demo Script,,,,Customers are seeking to complete a project but are unsure if they have all necessary materials,"Smart search agent understands the question, creates a list of materials needed for the job, ranks product preferences, and see how products are used in previous jobs ",Lily helps customers find the right products needed for their project and streamlines shopping experience,Apex Tool Group,https://portal.instalily.ai/demo/8c0a8095-87b9-4039-a82d-8add54aaf07b%2Csince%3D%2540lastPublished%2Cinspect%3Dsanity%252Fstructure%252Fhistory
Dairy Industries,Consumer Goods,6/18/2025,Dairy Industries Demo,Dairy Industries Demo,Dairy Industries Demo,,,,"Customers use human representatives to resolve customer issues with products, spending time gathering tedious information","Lily helps automate tasks, such as collecting information about the customer, sending follow-up information, and creating a ticket",Faster resolution for customers and reduces the workload for customer service representatives,Dairy Industries Demo,https://portal.instalily.ai/demo/ef887ecb-5283-48ba-871c-4ac9874055e8
Frontline Road Safety Group Demo,Construction,6/18/2025,Frontline Road Safety Group Demo,Frontline Road Safety Group Demo,Frontline Road Safety Group Demo Script,,,,Production Managers who navigate the website have a hard time finding the products that fit their needs ,"Lily understands the production managers' needs, provides a recommendation on how to fix the problem (based on client history), and upsells/upgrades by suggesting a solution that will make their systems more efficient","The Virtual Service agent uses AI and data to provide recommendations, navigate technical requirements, and meet the needs of production managers",Frontline Road Safety Group Demo,https://portal.instalily.ai/demo/a86f77bc-e0b5-412c-81f6-9d611ade65ef
Aggreko,Supply & Distribution,6/17/2025,Aggreko Demo,Aggreko Demo,Aggreko Demo,,,,,,,Aggreko Demo,https://portal.instalily.ai/demo/c7b7f834-2afe-469d-a0eb-b8676e5d588d
CheapoAir,Business (General),6/17/2025,CheapoAir Demo,CheapoAir Demo,CheapoAir Demo + UI,,,,"Account Managers must look at information on multiple spreadsheets and platforms and complete tasks manually, resulting in delays and shortages","Lily prioritizes tasks, analyzes inventory data, flags early warning signs and sends notifications, finds stock and transportation availability for quick delivery, and facilitates scheduling","Account Managers can tackle high priority tasks, allowing for efficient management and delivery of stock, enhancing communication, and reducing delays",CheapoAir Demo,https://portal.instalily.ai/demo/fcd6d493-3849-41b4-a251-49dfb337df7e
Nissan,Industrial Manufacturing,6/17/2025,Nissan Demo,Nissan Demo,Nissan Demo Script,,,,Customers navigate the website to find products that fit their project needs,"AI agent finds the products that fit project needs, understand the customers' order history and background to suggest items that fit their requirements, and organizes delivery","Lily helps provide product recommendation, manage inventory, and deep technical navigation",Nissan Demo,https://portal.instalily.ai/demo/dd9c258f-3281-4911-9e4a-da7cbc71b9c6
Pirtek/Salem Capitals,Industrial Manufacturing,6/16/2025,Pirtek Demo,Pirtek Demo,Salem/Pirtek Research/Script,,,,Customers navigate the website to find products that fit their project needs,"AI agent finds the products that fit project needs, understand the customers' order history and background to suggest items that fit their requirements, and organizes delivery","Lily helps provide product recommendation, manage inventory, and deep technical navigation",Pirtek Demo,https://portal.instalily.ai/demo/f59a287b-dfc6-4750-8707-5f4cbf1254ba
ITW,Industrial Manufacturing,6/13/2025,ITW,ITW Demo,ITW B2B Sales AI Agents Demo,,,,"Typical search engines cannot personalize product recommendation for a customer based on their needs, interests, and prefernces. This results in irrelevant results and products that do not meet customer recommendations","AI agents analyze the customer's request, look through the product database to determine which one best fits the customer's needs, and makes a recommendation based on the request and past purchases. The agents share research documents on how to take care of the socks and on blister prevention. ","Lily helps provide personalized options to the customer, within the context of the request, and efficiently meets customer needs. ",ITW,https://portal.instalily.ai/demo/91a32b67-c676-480b-ba86-62c0b0b449a1
Kichler Lighting,Procurement,6/13/2025,Kichler Lighting Demo,Kichler Lighting Demo,Kichler Lighting Demo,,,,Post-Purchase processes can be tedious and inefficient for a human representative to complete,"Lily's AI agents recognize that the customer is seeking a warranty/return, reviews their purchase history, and provides detailed instructions on how to ship the return;  the VSA helps the customer plan bulk order, suggests products, and provides a personalized price","Lily ensures that warranty claims are handled smoothly and efficiently, provides a faster solution, creates a seamless customer experience, and increases customer satisfaction",Kichler Lighting Demo,https://portal.instalily.ai/demo/7d63c5f6-a7bf-46af-ab88-2de83a10d428
Tecfen Medical,Healthcare,6/12/2025,Tecfen Medical Demo,Tecfen Medical Demo,Tecfen Demo Script - VSA,,,,"Procurement managers must navigate multiple documents, spreadsheets, and emails to keep track of inventory, resulting in costly last-minute orders, rush shipping fees, stockouts, and delays that hurt revenue","Lily centralizes ERP systems, supplier databases, business intelligence, and inventory systems, allowing procurement managers to receive real-time guidance on next steps and take actions ","Lily flags low inventory, late deliveries, and helps keep supplier accountable by automating the creation and sending of documents/messages. Lily additionally helps the procurement manager draft a supplier performance report, identify insights and problems, suggests actions, and shifts the managers focus to solving problems and driving revenue growth",Tecfen Medical Demo,https://portal.instalily.ai/demo/92340914-f24d-4cb0-8e51-49110d3af3e4
ADT,Consumer Goods,6/11/2025,ADT,ADT,ADT Researh/Script,,,,"Territory Managers have to navigate multiple spreadsheets and dashboards to manually prioritize tasks, losing time and is prone to human errors","Lily prioritizes task, gives insights about each customer, catches early warning signs, risks, summarizes customer data, and recommends actions",Easily identifies important tasks and drives sales ,ADT,https://portal.instalily.ai/demo/a993500f-2bc0-404e-8a40-7a5e3152292f
Project 17,Healthcare,6/9/2025,Project 17,Project 17,6.4.25 Ena - Project17 Script,,,,Customer service calls can be tedious and inefficient for customer services representatives,"Lily responds to customer service calls, identifies, and resolves customer issues without the need to escalating to a supervisor","Easily identifies the issue, resolves it, creates a ticket for Feedonomics technician, and facilitates customer service",Project 17,https://portal.instalily.ai/demo/aaf12332-4b06-41ca-85ab-2b8167765b23
WWEX,Shipping & logistics,6/9/2025,WWEX ,WWEX,6/5/25 wwex script,,,,"An online shopping experience is very different to an in-person one, causing customers to abandon their carts online and the store losing upsell opportunities","The Gift-Finder understands the customer's needs, tailoring gift recommendations based on their profile and interests; Lily also helps manage marketing campaigns, allowing the sales representative to check information before sending","Lily helps personalize and improve the customer experience online, and helps promote marketing campaigns enhancing the brand, resulting in faster output, and scalable growth",WWEX ,https://portal.instalily.ai/demo/05955648-f982-4311-9559-61554d96d4b8
Primo Brands,Supply & Distribution,6/6/2025,Primo Brands Demo,Primo Brands Demo,New Primo Brands Demo Script,,,,"Search engines find products for customers based on keywords, which fail to understand customer needs or industry standards","The  VSA helps the customer find products that are within their budget, meet the customer's unique needs, and also are within industry standards; the AI agents check that the products are in the inventory, shares user manuals, and manages shipping",Lily's VSA helps Imperial Dade drive revenue by enhancing the shopping experience and building customer loyalty,Primo Brands Demo,https://portal.instalily.ai/demo/1cbb1fcc-d812-4e68-8579-7e38aa1d18b3
Kedrion,Supply & Distribution,6/5/2025,Kedrion Demo V2,Kedrion Demo V2,Kedrion Bio Demo Script,,,,"Customer needs a specific product by a certain date, and typical search engines are inefficient in finding the right product that is in stock by that date","The Generative AI Smart Search feature recommends the right product, checks its inventory status, and sets up the delivery automatically. The customer only has to confirm the order. Lily recognizes when queries must be escalated to a human service agent and schedules a time for the customer and agent to discuss","Lilly ensures that routine tasks are handled automatically and flags tasks and queries that require human intervention, increasing customer satisfaction. ",Kedrion Demo V2,https://portal.instalily.ai/demo/f8905948-d3b4-4c8c-98b9-984a669827d2
PartsSource,Parts Procurement,6/3/2025,PartsSource Demo,PartsSource Demo,PartsSource Use Case–BAIN,,,,"It can be difficult for marketing managers to find and analyze data across multiple spreadsheets and platforms, leading to time being allocated to researching rather than analyzing data","Marketing Managers request a marketing performance deck in a Slack channel. The agents centralize information from Google Analytics, Microsoft Office 365, Salesforce Commerce Cloud, and Salesforce Marketing Cloud to retrieve information, flag discrepencies in the data, and checks the integrity of the source. The Analysis Agent highlights key details and works with the Composing Agent to craft a clear, organized slide deck",Lilly allows marketing managers to reallocate their time from researching data to analyzing it and taking strategic decisions because the marketing decks can be automatically created and distributed within the team,PartsSource Demo,https://portal.instalily.ai/demo/32c8e9fd-203e-4316-b422-c9bd26be375f
DSG,HVAC,6/2/2025,DSG Supply Demo,DSG Supply Demo,DSG Supply Demo Script,,,,"Database Administrators use manual processes to analyze data, optimize queries, and prevent failures. The process is tedious, is prone to performance bottlenecks, security risks, and downtime","CoSailor monitors postgres SQL environments, identifies anomalies, analyzes patterns, recommends strategies for faster distribution, ensure compliance, and updates performance","Lily provides data insights in the form of dashboards, summaries, emails, or a podcast, and allows the database administrator to take a proactive approach to optimize performance",DSG Supply Demo,https://portal.instalily.ai/demo/f22deb2f-e58e-4788-a809-4f2f3dc51dc2
QXO Beacon,Construction,5/30/2025,QXO/Beacon Demo,Beacon QXO Demo,Beacon/QXO Generic MDM Agent Script,,,,"AthenaHealth has a wide range of customer bases and faces difficulties engaging customers, reslting in generic outreach, fragmented systems, and few predictive insights","Lily helps marketing managers segment their audience, predict trends, and personalize email campaigns for each customer segment; generates a draft, and awaits the marketing manager's approval to launch; Lily also helps track customer engagement - meetings scheduled and click through rates","Lily reduces manual processes, leads to higher customer engagement, accelerates campaign execution, and leads conversion rates",QXO/Beacon Demo,https://portal.instalily.ai/demo/ef491664-6108-4707-b7d2-25ccca0a4a63
Radwell,Healthcare,5/30/2025,Radwell Demo 2,Radwell Demo 2,CVC - Radwell International Research/Script,,,,"Supply Chain Managers must mitigate high demand and low stock, long supplier lead times, and increased errors in selecting the correct product","Lily helps Supply Chain Managers forecast product demand, automate stock transfers, and reduce errors; Lily's platform provides key insights about low inventory stocks, suggests the transfer of stock from one location to another,  recommends strategies to ensure quality control and accuracy, and monitors suppliers ","Lily ensures that Supply Chain Managers prevent stockouts, improve fulfillment speeds, reduce warehouse errors,  and manage suppliers delays",Radwell Demo 2,https://portal.instalily.ai/demo/78212cf1-6219-42de-9f10-1aff8f1c2409
EECO,Parts Procurement,5/29/2025,EECO Demo,EECO Demo,EECO Demo,Client Acquisition & Engagement,,,"Customers must look through product lists manually, check availability, and wait for a sales representative to place an order","Lily improves the shopping experience by making it faster, accurate, and personalized to the customer; the search engine understands the customer's needs, provides recommendations, and checks to see if certain products need to be requested; Lily checks the inventory, organizes shipping, and identifies upsell opportunities; Lily also flags low demand for items and notifies Baldor's inventory managers","Lily facilitates the shopping experiences, recommends products, streamlines delivery, and makes sure Baldor avoids potential stockouts; AI-driven data insights helps Baldor ensure the freshness of their ingredients, minimize disruptions, and improve customer satisfaction",EECO Demo,https://portal.instalily.ai/demo/dc522bb9-8ad4-4c40-ae45-498607e21ddf
Kedrion Bio,Supply & Distribution,5/29/2025,Kedrion Bio Demo,Kedrion Demo V1,Kedrion Bio Demo Script,,,,"Underwriters spends most of their time gathering data, drafting reports, and coordinating reviews across multiple systems, which can be time consuming and inefficient","Lily IQ helps underwriters make proactive decisions, be efficient, maintain consistency, and continuously learns; Lily finds insights about the reinsurer, allows the underwriter to refine the already drafted document, and proposes a referral draft; Lily IQ edits its referral draft based on past manual edits the underwriter makes and sends the the document to a senior for approval","Lily transforms the manual underwriting process into an automatic process that provides AI-driven insights, drafts referrals, efficiently shares it with key stakeholders, and continuously learns, allowing underwriters to partake in proactive decision-making",Kedrion Bio Demo,https://portal.instalily.ai/demo/41d49a1c-06e8-4d81-b227-38822f82970d
John Hardy,Retail,5/23/2025,John Hardy Demo,John Hardy Demo,John Hardy DEMO SCRIPT for VSA/ SLACK ,Client Acquisition & Engagement,,,Customers are accusomted to endlessly scrolling websites to find the product/gifts that best fits their needs,"Lily understands the customer's request, asks follow-up questions and tailors the search experience to their specific needs; the agents personalize the experience based on her responses to questions and past preferences, and streamlines the shopping experience up and through the checkout process","Customers can finish shopping in minutes, effortlessly, and confidently purchase the product for their needs, enhancing customer satisfaction and experience",John Hardy Demo,https://portal.instalily.ai/demo/72788915-bbf4-413a-866c-4891f2addd71
Capgemini,Business (General),5/20/2025,Capgemini Demo,Capgemini Demo,Demo Script / Research - Capgemini,,,,"Manual workflows result in payment delays, errors, and approval bottlenecks",Lily helps centralize information across the AP team's several databases. The VSA is able to collect information and draft invoices. Lily then sends it to the right people for approval. The agents check the information and flags potential errors. ,"Asahi's AP Team is able to be proactive, accelerate approvals, and become more efficient. ",Capgemini Demo,https://portal.instalily.ai/demo/7caccb1b-59d2-4d89-8bea-9e0f5912acfc
CVC & Radwell ,Parts Procurement,5/20/2025,CVC & Radwell Demo,CVC & Radwell Demo,CVC - Radwell International Research/Script,,,,"Sales representatives spend hours looking at data, collecting information, and use manual processes to determine where to do additional outreach, leading to missed opportunities and longer sales cycles","Lily integrates with CRMs, RCMs, and internal data systems to centralize information, drive insights, flaging warning signs, recommending actions, drafting messages, and motivate the sales representative to take action","Lily's agents are able to accelerate deals cycles, strengthen pipeline performance, and drive revenue growth",CVC & Radwell Demo,https://portal.instalily.ai/demo/709aa587-c3e5-484a-88f7-d032f67f507d
Pelican Bio Thermal ,Supply & Distribution,5/20/2025,Pelican Bio Thermal Demo,Pelican Bio Thermal Demo,Pelican BioThermal Demo Script / Research,,,,"Supply chain managers tend to manage several supplier relationships, navigate cost trade-offs, and ensure sustainability compliance , which can lead to erors","AI Agents look over suppliers and ranks the suppliers that best meet the supply chain managers' demands, analyzing costs and tracking the suppliers carbon footprint ","Lily continuously learns from the supply chain managers' demands and interests, meets the company's cost saving and environmental friendly initiatives",Pelican Bio Thermal Demo,https://portal.instalily.ai/demo/bc2e939d-714c-437a-a967-2422e5c088be
Reece,HVAC,5/20/2025,Reece Demo,Reece Demo,Reece Demo,,,,Operations Managers require several materials and is overwhelmed by the options available online,"The AI Agent smartsearch features helps match each client's demand to the correct product, and offers tailored set for the particular use case and identifies opportunities for upselling","Lily helps clients find fast, personalized recommendations, boost customer satisfaction, and helps drive higher revenue",Reece Demo,https://portal.instalily.ai/demo/7caccb1b-59d2-4d89-8bea-9e0f5912acfc
Frog.co,Business (General),5/8/2025,Frog.co Demo,Frog.co Demo,Frog demo script,,,,Music Enthusiasts have a hard time navigating several pages of products to find the right one that meets their needs,"Lily offers a human-like experience, where customers respond to prompts that the AI Agent uses to personalize the pruchase process to find the product that satisfies their needs, the virtual service agents also helps manage returns and issues that come up","Customers get expert guidance, a seamless shopping experience, and effortless post-purchase support",Frog.co Demo,https://portal.instalily.ai/demo/e052ff11-6ef2-49b6-81e8-93fb40d019d1
United Site Services,Rental,4/30/2025,United Site Services,United Site Services,USS Demo Scripts,,,,"Sales Managers receive an influx of vendor leads through Hubspot, and most of the time stay there with little action being taken upon those tasks","Lily agents monitor the lead generation funnel 24/7, categorizes leads based on intent, identifies why leads are stalled, recommends next steps, takes action on sending follow-ups, and allows the sales team to take action on leads that are stalled ","Lily allows sales managers to make leads predicatable, scalable, and easy to manage",United Site Services,https://portal.instalily.ai/demo/07d4984e-6152-477c-aaf8-3f127a90e099
ClaimLogiq ,Healthcare,4/28/2025,ClaimLogiq Demo,ClaimLogiq Demo,NMC - ClaimLogiq Demo,,,,,,,ClaimLogiq Demo,https://portal.instalily.ai/demo/c2a47fb2-a0e9-4018-987a-31149e1c6be3
Primo — Poland Spring,Consumer Goods,4/28/2025,Primo — Poland Spring,Primo — Poland Spring,Primo - Poland Spring Demo,,,,,,,Primo — Poland Spring,https://portal.instalily.ai/demo/f752b5b8-8bd6-4f47-a4cf-89e919847dff
Weimer Bearing & Transmission,Parts Procurement,4/18/2025,Weimer Bearing & Transmission Demo,Weimer Bearing & Transmission Demo,Weimer Bearing & Transmission Demo,,,,,,,Weimer Bearing & Transmission Demo,https://portal.instalily.ai/demo/707fb7e5-dba3-4cec-993b-847401af9387
Fujikura,Industrial Manufacturing,4/17/2025,Fujikura Demo,Fujikura Demo,Fujikura Demo Script,,,,,,,Fujikura Demo,https://portal.instalily.ai/demo/0ee2d14f-365a-4f62-8197-b94857b33df4
HCI & Consolidated Hospitality Supplies Demo,Supply & Distribution,4/3/2025,HCI & Consolidated Hospitality Supplies Demo,HCI & Consolidated Hospitality Supplies Demo,HCI PortCo - Consolidated Hospitality Supplies Demo,,,,,,,HCI & Consolidated Hospitality Supplies Demo,https://portal.instalily.ai/demo/bc2bd02f-7f49-455c-b19e-d6d4d0310262
Lily Unblocks Stalled Revenue for Scottsdale's Sales Team,Procurement,4/2/2025,,,,Sales & Marketing Enablement,,,,,,,
Scottsdale,Financial Services,4/2/2025,Scottsdale Demo,Scottsdale Demo,Scottsdale Demo,,,,,,,Scottsdale Demo,https://portal.instalily.ai/demo/9f7fe393-1a0c-44b7-a095-52147612af39
Cosailor with Multilingual Podcast,Business (General),3/27/2025,Cosailor with Multilingual Podcast Demo,Cosailor with Multilingual Podcast Demo,,,,,,,,Cosailor with Multilingual Podcast Demo,https://portal.instalily.ai/demo/2d318e19-8a3f-4508-9a46-33943cfcfd73
Harman,Industrial Manufacturing,3/25/2025,Harman Demo,Harman Demo,HARMAN International SGE/VSA,,,,,,,Harman Demo,https://portal.instalily.ai/demo/68a3151d-09bc-440c-9693-0a319873ab3f
Old General Cosailor Demo,Business (General),3/24/2025,[Old] General Cosailor Demo,[Old] General Cosailor Demo,cosailor,,,,,,,[Old] General Cosailor Demo,https://portal.instalily.ai/demo/1176769c-4b79-4243-b236-0906f01256da
Lily Drives Revenue for B2B Industrial Packaging,Supply & Distribution,3/22/2025,,,,Smart Search,,,,,,,
Lily Optimizes ITW's Supplier Management and Sustainability,Supply & Distribution,3/21/2025,,,,Operational Efficiency,,,,,,,
Lily Enhances The Harman Audio Shopping and Support Experience,Software & Technology,3/21/2025,,,,Virtual Assistant,,,,,,,
B2B Industrial Packaging Demo,Supply & Distribution,3/21/2025,B2B Industrial Packaging Demo,B2B Industrial Packaging,Industrial Packaging (Copy of Imperial Dade SGE/VSA),,,,,,,B2B Industrial Packaging Demo,https://portal.instalily.ai/demo/4adf833d-0487-47e0-b485-b34497e7fca1
ITW,Industrial Manufacturing,3/19/2025,ITW Demo,ITW Demo,ITW Demo Script Revised,,,,,,,ITW Demo,https://portal.instalily.ai/demo/8cb0db80-c906-4f87-805d-881adc0b11ab
Dupont Tedlar ,Industrial Manufacturing,3/10/2025,Dupont Tedlar Demo,Dupont Tedlar Demo,DuPont Demo Script,,,,,,,Dupont Tedlar Demo,https://portal.instalily.ai/demo/f6d7330f-8861-4eb7-84f9-2ee8a0a7c541
Lily Transform's Dupont Tedler's Sales Process,Industrial Manufacturing,3/7/2025,,,,Sales & Marketing Enablement,,,,,,,
Lily Enhances The Wine Enthusiast Shopping Experience,Consumer Goods,3/7/2025,,Wine Enthusiast,,Virtual Assistant,,,,,,,
Lily Transforms Asahi's Accounts Payable (AP) Operations,Consumer Goods,3/7/2025,,,,Virtual Assistant,,,,,,,
Asahi,Consumer Goods,3/7/2025,Asahi Demo,Asahi Demo,Asahi demo rough draft,,,,,,,Asahi Demo,https://portal.instalily.ai/demo/4a38a28e-01ba-4317-98a4-48192d6e387c
Wine Enthusiast ,Consumer Goods,3/7/2025,Wine Enthusiast Demo,Wine Enthusiast Demo,Wine Enthusiast VSA Demo,,,,,,,Wine Enthusiast Demo,https://portal.instalily.ai/demo/f8cce18d-9397-4b91-8dee-76c309052de5
Odyssey,Financial Services,2/21/2025,Odyssey Demo,Odyssey Demo,OdysseyRe Demo Script,,,,,,,Odyssey Demo,https://portal.instalily.ai/demo/1722762b-d181-4899-9a8b-8ca25cf4ecce
Lily IQ: Real-time Insights & Reporting For Underwriters,Business (General),2/20/2025,,,,,,,,,,,
Lily Enhances Customer Experience and Fulfillment at Baldor Specialty Foods ,Consumer Goods,2/20/2025,,Baldor,,Operational Efficiency,,,,,,,
Baldor,Consumer Goods,2/19/2025,Baldor Specialty Foods Demo,Baldor Specialty Foods Demo,Baldor Specialty Foods Demo Script,,,,,,,Baldor Specialty Foods Demo,https://portal.instalily.ai/demo/c2aa8b8e-2853-452b-a73d-0b758b3f3eb3
Fleetpride,Parts Procurement,2/18/2025,Fleetpride Demo,Fleetpride Demo,FleetPride Demo Script,,,,,,,Fleetpride Demo,https://portal.instalily.ai/demo/b7121f49-91bb-489b-ba55-6adc08e220ec
"Lily Optimizes FleetPride's Inventory, Fulfillment, and Warehouse Operations",Parts Procurement,2/17/2025,,FleetPride,,Operational Efficiency,,,,,,,
Lily Helps DealterTire Simplify and Streamline Procurement,Parts Procurement,2/13/2025,,,,Operational Efficiency,,,,,,,
Lily Helps Automate Weekly Marketing Decks for Canada Goose,Retail,2/13/2025,,Canada Goose,,Sales & Marketing Enablement,,,,,,,
Lily Optimizes Marketing Efforts By Delivering Personalized Email Campaigns ,Healthcare,2/13/2025,,,,Sales & Marketing Enablement,,,,,,,
Lily Powers Personalized Gifting & Growth for John Hardy,Luxury Goods,2/13/2025,,,,Sales & Marketing Enablement,,,,,,,
AI-Powered Smart Shopping & Service At Darn Tough Socks,Retail,2/13/2025,,,,Smart Search,,,,,,,
AI-Powered Smart Shopping & Service At Darn Tough Socks - Automates Post-Purchase Processes Like Warranty Claims,Retail,2/13/2025,,,,Virtual Assistant,,,,,,,
"Lily Enhances Smart Search for Evident Scientific, Boosting Sales & Customer Experience",,2/13/2025,,Evident Scientific,,Virtual Assistant,,,,,,,
Athena Health,Healthcare,2/13/2025,Athena Health Demo,Athena Health Demo,Athenahealth Demo,,,,,,,Athena Health Demo,https://portal.instalily.ai/demo/3ee7c16c-a1d9-40b9-8e91-e1e2bfd11e57
Canada Goose,Retail,2/11/2025,Canada Goose Demo,Canada Goose Demo,Canada Goose Demo,Sales & Marketing Enablement,,,,,,Canada Goose Demo,https://portal.instalily.ai/demo/fc89e733-6bc8-4b37-a2bd-80bcd4958a76
Lily Enhances Database Management and Operational Efficiency,Software & Technology,2/11/2025,,,,Sales & Marketing Enablement,,,,,,,
Enterprise DB Cosailor,Business (General),2/11/2025,Enterprise DB Cosailor Demo,Enterprise DB Cosailor Demo,EnterpriseDB CoSailor Demo,,,,,,,Enterprise DB Cosailor Demo,https://portal.instalily.ai/demo/5ade8193-cf45-44ee-b18d-6d1177173abd
Darn Tough,Retail,2/10/2025,Darn Tough Demo Part 2 — VSA,Darn Tough Demo Part 2 — VSA,darn tough demo,,,,,,,Darn Tough Demo Part 2 — VSA,https://portal.instalily.ai/demo/5b8156c1-b022-4d89-b7a8-601ac961a7be
Darn Tough,Retail,2/10/2025,Darn Tough Demo Part 1 — AI Search,Darn Tough Demo Part 1 — AI Search,darn tough demo,,,,,,,Darn Tough Demo Part 1 — AI Search,https://portal.instalily.ai/demo/4a55dfe7-406b-46a0-bbc3-754a412d70d8
Dealer Tire,Parts Procurement,2/10/2025,Dealer Tire Demo,Dealer Tire Demo,DealerTire Product Demo,,,,,,,Dealer Tire Demo,https://portal.instalily.ai/demo/59c00c00-b368-4053-b615-2ec0cccc5ada
"Lily Helps Drive Revenue for Imperial Dadeby Catering to High Intent Users and Delivering Fast, Relevant Search Results",Procurement,2/5/2025,Imperial Dade Part 1 — AI Search,Imperial Dade Part 1 — AI Search,,Smart Search,,,,,,Imperial Dade Part 1 — AI Search,https://portal.instalily.ai/demo/f65659f0-5147-4b25-8d27-0b473df6678f
Imperial Dade Agents Swiftly Resolve Customer Inquiries,Procurement,2/5/2025,Imperial Dade Demo,Imperial Dade Demo,,Virtual Assistant,,,,,,Imperial Dade Demo,https://portal.instalily.ai/demo/822bd724-6278-4d43-b0ca-2f0b5ebbc92a
John Hardy,Retail,2/5/2025,John Hardy Demo,John Hardy Demo,John Hardy DEMO SCRIPT for VSA/ SLACK,,,,,,,John Hardy Demo,https://portal.instalily.ai/demo/18ff8ca4-223f-49ab-ac30-aff66c7dab35
Index Fresh,Procurement,2/4/2025, Index Fresh Demo,Index Fresh Demo,Index Fresh Procurement Demo Script,Logistics & Distribution,,,,,, Index Fresh Demo,https://portal.instalily.ai/demo/b9f12579-79cc-4129-99b4-9100d1d8ea0d
Lululemon,Retail,2/4/2025,Lululemon Demo,Lululemon Demo,Script for Lululemon,Sales & Marketing Enablement,,,,,,Lululemon Demo,https://portal.instalily.ai/demo/9d9f1e10-adf5-43e3-affe-6604a79ff13d
Evident Scientific,Healthcare,2/4/2025,Evident Scientific Demo,Evident Scientific Demo,SGE VSA Evident scientific,,,,,,,Evident Scientific Demo,https://portal.instalily.ai/demo/080561fa-cf7b-4485-be59-f003f882674f
Partstown,Procurement,1/31/2025,Partstown Demo,Partstown Demo,,Virtual Assistant,,,,,,Partstown Demo,https://portal.instalily.ai/demo/efa26b40-feb6-450a-b21b-ec695e6e78dc
Partstown,Procurement,1/31/2025,Lily at Partstown,Lily at Partstown,,Virtual Assistant,,,,,,Lily at Partstown,https://portal.instalily.ai/demo/7adec333-23ce-40e3-a0c7-9b7153088564
Partstown,Procurement,1/31/2025,PID Search Demo,PID Search Demo,NEW PID Technical Sales demo script,Virtual Assistant,,,,,,PID Search Demo,https://portal.instalily.ai/demo/2f3802f5-68ea-45bf-900a-6734ee12096e
Quality Enclosures ,Construction,1/30/2025,Quality Enclosures AI Agent,Quality Enclosures AI Agent,Demo Script: Quality Enclosures AI Agent,Digitalization,,,,,,Quality Enclosures AI Agent,https://portal.instalily.ai/demo/78ca8c05-b71b-4eaa-b592-1ea770760251
Heritage Pool,Procurement,1/30/2025,Heritage Pool VSA Demo,Heritage Pool VSA Demo,Instalily Demo 3: Heritage VSA,Virtual Assistant,,,,,,Heritage Pool VSA Demo,https://portal.instalily.ai/demo/d0521e74-3d81-4695-9af9-428f6f92fb3e
"Lily Helps Sales Managers Own Their Day, Focus on Priorities, and Drive Sales",Supply & Distribution,1/29/2025,,,,Sales & Marketing Enablement,,,,,,,
Bob's Discount Furniture,HVAC,1/29/2025,Bob's Discount Furniture Demo,Bob's Discount Furniture Demo,bobs Revised Script: Seamless AI-Powered Customer Service at Bob's Discount Furniture,Smart Search,,,,,,Bob's Discount Furniture Demo,https://portal.instalily.ai/demo/e701e6f3-5f25-47da-8ef9-5977ca2c498c
Imperial Dade,Procurement,1/29/2025,Imperial Dade Part 1 — AI Search,Imperial Dade Part 1 — AI Search,Imperial Dade SGE/VSA,Virtual Assistant,,,,,,Imperial Dade Part 1 — AI Search,https://portal.instalily.ai/demo/f65659f0-5147-4b25-8d27-0b473df6678f
Imperial Dade,Procurement,1/29/2025,Imperial Dade Part 2 — VSA,Imperial Dade Part 2 — VSA,Imperial Dade SGE/VSA,Virtual Assistant,,,,,,Imperial Dade Part 2 — VSA,https://portal.instalily.ai/demo/8c0e26e5-b3e1-43c9-8205-091fc2fa0f7a
Imperial Dade,Procurement,1/29/2025,Imperial Dade Demo,Imperial Dade Demo,Script: Bain Imperial Dade PID Demo,Virtual Assistant,,,,,,Imperial Dade Demo,https://portal.instalily.ai/demo/822bd724-6278-4d43-b0ca-2f0b5ebbc92a
Lily Streamlines Contract Lifecycle Management (CLM),Financial Services,1/21/2025,,,,Operational Efficiency,,,,,,,
Lily Helps SRS Distribution Drive 10x Sales Outcomes,Supply & Distribution,1/21/2025,SRS Cosailor Demo,,,Sales & Marketing Enablement,,,,,,SRS Cosailor Demo,https://portal.instalily.ai/demo/700d9365-2822-4164-8d3a-28b27491895b
United Rentals Search Experience,Rental,1/20/2025,United Rentals Search Experience Part A,United Rentals Search Experience Part A,,Smart Search,,,,,,United Rentals Search Experience Part A,https://portal.instalily.ai/demo/6807480c-3f97-4aad-af70-c9d35e81c950
Statco's Virtual Service Assistant,Procurement,1/20/2025,Statco Demo,Statco Demo,,Virtual Assistant,,,,,,Statco Demo,https://portal.instalily.ai/demo/e8f35177-1319-40e5-acf8-860f2e5ed49a
Transparent Partners' Customer Segmentation and Activation for Marketers,Business (General),1/6/2025,,,,Sales & Marketing Enablement,,,,,,,
Boston Scientific Smart Sourcer for Procurement Managers,Parts Procurement,12/22/2024,Boston Scientific Demo,Boston Scientific Demo,,Smart Search,,,,,,Boston Scientific Demo,https://portal.instalily.ai/demo/400baaf0-c024-4a53-a212-bcb44238b33c
CAMO AI Generative Search,Industrial Manufacturing,12/22/2024,Camo Demo,Camo Demo,,Smart Search,,,,,,Camo Demo,https://portal.instalily.ai/demo/16b16039-1aa8-4d3a-b82f-b6526878404a
Enhancing the Hillman Group Purchasing Experience,Procurement,12/22/2024,Hillman Demo,Hillman Demo,,Virtual Assistant,,,,,,Hillman Demo,https://portal.instalily.ai/demo/74645df8-1ef2-44e8-af1a-e6d79a67ddf9
National Oak Distributors' Virtual Sales Assistant,Supply & Distribution,12/22/2024,National Oak,National Oak,,Virtual Assistant,,,,,,National Oak,https://portal.instalily.ai/demo/166a67e4-8bee-4372-8f6a-c9e04969064e
Service Logic Virtual Assistant,Procurement,12/22/2024,,,,Virtual Assistant,,,,,,,
Transforming WESCO Procurement Experience,Procurement,12/22/2024,WESCO Demo,WESCO Demo,,Virtual Assistant,,,,,,WESCO Demo,https://portal.instalily.ai/demo/5ca0e909-de77-40be-8854-2673ae14dde1
Under Armour's Virtual Service Assistant,Retail,12/22/2024,Under Armour Demo,Under Armour Demo,,Virtual Assistant,,,,,,Under Armour Demo,https://portal.instalily.ai/demo/4f241c46-dc0d-4d39-8f7d-8009f425e691
Worldwide Electric's Intelligent Virtual Sales Assistant,Procurement,12/22/2024,AEA WorldWide Electric Demo,AEA WorldWide Electric Demo,,Virtual Assistant,,,,,,AEA WorldWide Electric Demo,https://portal.instalily.ai/demo/e8ebfaf5-44d4-450f-a527-c6fef281dc98
Dealer Tire AI Sales and Operations Assistant,Procurement,11/17/2024,Dealer Tire AI Demo,Dealer Tire AI Demo,,Operational Efficiency,,,,,,Dealer Tire AI Demo,https://portal.instalily.ai/demo/550c9b48-dd6f-4065-9e21-faa8fc0876fe
Enhance Member Engagement for Omada Health,Healthcare,11/15/2024,Omada Demo,Omada Demo,,Client Acquisition & Engagement,,,,,,Omada Demo,https://portal.instalily.ai/demo/2d6e5a63-1cb9-4740-967f-f139894810de
Lily Helps GMS Account Managers Streamline Stock Management and Delivery ,Supply & Distribution,11/15/2024,GMS Demo,GMS Demo,,Logistics & Distribution,,,,,,GMS Demo,https://portal.instalily.ai/demo/4c229982-5859-4996-bf61-2736b448d6ce
Help Ryerson Buyers Quick Smart Decisions To Source and Manage Materials,Procurement,11/15/2024,Ryerson Demo,Ryerson Demo,,Operational Efficiency,,,,,,Ryerson Demo,https://portal.instalily.ai/demo/2ce50d27-9e04-4fa0-b306-f4e5fbc46a5e
Newell Brands and How Lily Can Help Manage Tasks Typically Done By a Human Representative,Consumer Goods,11/15/2024,Newell Brands Voice Agent Part A,Newell Brands Voice Agent Part A,,Operational Efficiency,,,,,,Newell Brands Voice Agent Part A,https://portal.instalily.ai/demo/1c8025e0-a935-4ea0-841a-d0791c72b145
PartsSource Pro Automate Key Workflows,Parts Procurement,11/15/2024,PartsSource,PartsSource,,Operational Efficiency,,,,,,PartsSource,https://portal.instalily.ai/demo/0b88f510-e65f-4fb1-a9cf-e11d0386eb14
Home Depot Pros Find Right Tools and Equipment for Their Job,Construction,11/15/2024,Home Depot Demo,Home Depot Demo,,Smart Search,,,,,,Home Depot Demo,https://portal.instalily.ai/demo/499475eb-e73e-4ce5-8e71-e02d931d1728
Ferguson Search Experience,HVAC,11/15/2024,Ferguson Search Experience Demo,,,Virtual Assistant,,,,,,Ferguson Search Experience Demo,https://portal.instalily.ai/demo/81a73152-1b73-41bd-a488-bfad8ebed25f
"Identifies, Triages, and Resolves Customers Service Inquiries for Feedonomics",Procurement,11/15/2024,,,,Virtual Assistant,,,,,,,
Lily Helps ADI Drive B2B Revenue,Supply & Distribution,11/15/2024,ADI Demo,ADI Demo,,Virtual Assistant,,,,,,ADI Demo,https://portal.instalily.ai/demo/b349e96c-39a3-40b3-a2ee-0be441c277f0
Lily Helps Kendall Electric Customers Troubleshoot and Order The Right Parts,Procurement,11/15/2024,Kendall Demo,Kendall Demo,,Virtual Assistant,,,,,,Kendall Demo,https://portal.instalily.ai/demo/5418e8f9-7439-46db-9705-4ee35962bc69
Lily Helps Omnicable Streamlines and Personalizes The Procurement Process To Enhance Customer Experience and Emergency Cable Services ,Procurement,11/15/2024,OmniCable Demo,OmniCable Demo,,Virtual Assistant,,,,,,OmniCable Demo,https://portal.instalily.ai/demo/8af7ea4a-0cae-4ed2-8f67-8ddc46102b3d
Lily Transforms Ellsworth Adhesives National Account Services Teams Into Around-The-Clock Experts,Supply & Distribution,11/15/2024,Ellsworth Demo,Ellsworth Demo,,Virtual Assistant,,,,,,Ellsworth Demo,https://portal.instalily.ai/demo/3b374662-ca9a-4ccc-9ff0-8698c41ca279
Streamline Fullbay's By Eliminating The Need of Human Oversight In Multple Stages of The Workflow,Supply & Distribution,8/9/2024,Fullbay Demo,Fullbay Demo,,Operational Efficiency,,,,,,Fullbay Demo,https://portal.instalily.ai/demo/96f9502b-1c82-4ec9-b3d0-bb783f9af009